province,restaurant_count,state_name,population,restaurants_per_100k
SD,105,South Dakota,886667,11.842100811240297
KY,332,Kentucky,4505836,7.368222012518875
WY,41,Wyoming,576851,7.107554637159336
NM,149,New Mexico,2117522,7.036526657102028
VT,43,Vermont,643077,6.686602070980614
ND,50,North Dakota,779094,6.417710828218418
IN,379,Indiana,6785528,5.585416492275915
MO,334,Missouri,6154913,5.426559238124081
ID,99,Idaho,1839106,5.383050242889752
OK,208,Oklahoma,3959353,5.253383570497503
